id,first_name,last_name,email,role,department,country
1,Adena,Caps,acaps0@washingtonpost.com,Information Systems Manager,Services,Philippines
2,Donnie,Rickson,drickson1@desdev.cn,VP Accounting,Support,Laos
3,Tadd,Terzza,tterzza2@uiuc.edu,Social Worker,Legal,Luxembourg
4,Timoteo,Donnan,tdonnan3@xing.com,Assistant Manager,Marketing,Colombia
5,Gabe,Hamley,ghamley4@pinterest.com,Nuclear Power Engineer,Research and Development,Malaysia
6,Benedicta,Godehard.sf,bgodehardsf5@edublogs.org,Compensation Analyst,Product Management,Argentina
7,Emmi,Speed,espeed6@tinyurl.com,Social Worker,Training,Canada
8,Baldwin,Studeart,bstudeart7@accuweather.com,Senior Cost Accountant,Accounting,China
9,Berky,Collerd,bcollerd8@fema.gov,Senior Sales Associate,Business Development,France
10,Evanne,Dicey,edicey9@apple.com,Quality Engineer,Accounting,Philippines
11,Charis,Redmile,credmilea@zdnet.com,Engineer II,Product Management,Philippines
12,Reinaldo,Edlyn,redlynb@weather.com,Developer I,Accounting,Uruguay
13,Domingo,Vibert,dvibertc@ameblo.jp,Quality Control Specialist,Support,China
14,Magnum,Nardoni,mnardonid@altervista.org,Human Resources Manager,Legal,Poland
15,Travers,Tofpik,ttofpike@meetup.com,Associate Professor,Training,China
16,Amery,Dowzell,adowzellf@seattletimes.com,Sales Representative,Engineering,Luxembourg
17,Devi,Morgans,dmorgansg@mail.ru,Account Representative I,Training,Sweden
18,Maryl,Brandham,mbrandhamh@virginia.edu,Help Desk Operator,Accounting,Croatia
19,Lonni,Fasson,lfassoni@tripadvisor.com,Tax Accountant,Support,Portugal
20,Theodoric,Rackham,trackhamj@ezinearticles.com,Senior Financial Analyst,Human Resources,Indonesia
21,Gusta,Sked,gskedk@zdnet.com,Associate Professor,Product Management,South Korea
22,Augusta,Coombs,acoombsl@php.net,Pharmacist,Training,Peru
23,Jo,Errigo,jerrigom@dion.ne.jp,Paralegal,Services,Indonesia
24,Aida,Sweet,asweetn@free.fr,Librarian,Accounting,Brazil
25,Donnajean,Childs,dchildso@mysql.com,Human Resources Assistant I,Sales,United States
26,Augustus,Mumby,amumbyp@surveymonkey.com,Recruiter,Services,Honduras
27,Jen,Brightwell,jbrightwellq@ask.com,Actuary,Legal,Slovenia
28,Eulalie,Cinavas,ecinavasr@blogs.com,VP Product Management,Training,Ghana
29,Benedict,Demougeot,bdemougeots@bbb.org,Internal Auditor,Research and Development,Israel
30,Polly,Dachey,pdacheyt@moonfruit.com,Safety Technician III,Research and Development,Egypt
31,Kelsey,Slowcock,kslowcocku@constantcontact.com,Information Systems Manager,Business Development,Finland
32,Bessie,Winship,bwinshipv@ftc.gov,Associate Professor,Legal,China
33,Jake,Bruneton,jbrunetonw@ifeng.com,Paralegal,Training,China
34,Quincy,Castrillo,qcastrillox@tuttocitta.it,Nurse Practicioner,Product Management,France
35,Rubetta,Pfaff,rpfaffy@ehow.com,Quality Engineer,Engineering,Chile
36,Matilda,Giroldi,mgiroldiz@wiley.com,Sales Associate,Engineering,Russia
37,Coop,MacHoste,cmachoste10@hatena.ne.jp,Senior Sales Associate,Marketing,China
38,Cameron,Corden,ccorden11@unesco.org,Physical Therapy Assistant,Services,China
39,Florinda,Castanaga,fcastanaga12@uol.com.br,Automation Specialist III,Human Resources,Argentina
40,Gwyneth,Lucia,glucia13@reverbnation.com,Research Assistant II,Engineering,France
41,Jude,Corps,jcorps14@amazonaws.com,Software Engineer I,Human Resources,Namibia
42,Katey,Glasspool,kglasspool15@deliciousdays.com,Structural Engineer,Human Resources,China
43,Eddi,Hexter,ehexter16@nsw.gov.au,Pharmacist,Sales,Iran
44,Adair,Ick,aick17@etsy.com,Health Coach III,Research and Development,China
45,Miquela,Lowell,mlowell18@last.fm,Senior Cost Accountant,Marketing,Russia
46,Kathy,Raunds,kraunds19@pcworld.com,Database Administrator II,Legal,Indonesia
47,Geneva,Gant,ggant1a@ca.gov,Social Worker,Support,Indonesia
48,Toni,Elleton,telleton1b@tripod.com,Office Assistant IV,Engineering,United Kingdom
49,Doralynn,Attack,dattack1c@examiner.com,Environmental Tech,Marketing,Slovenia
50,Renaud,Corradeschi,rcorradeschi1d@virginia.edu,Geologist III,Engineering,Brazil
